name,label
downloads/melasma/00000008.jpg,melasma
downloads/melasma/00000291.jpg,melasma
downloads/melasma/00000060.jpg,melasma
downloads/melasma/00000217.jpg,melasma
downloads/melasma/00000209.jpg,melasma
downloads/melasma/00000178.jpg,melasma
downloads/melasma/00000296.jpg,melasma
downloads/melasma/00000246.jpg,melasma
downloads/melasma/00000021.jpg,melasma
downloads/melasma/00000259.jpg,melasma
downloads/melasma/00000040.jpg,melasma
downloads/melasma/00000244.jpg,melasma
downloads/melasma/00000120.jpg,melasma
downloads/melasma/00000087.jpg,melasma
downloads/melasma/00000230.jpg,melasma
downloads/melasma/00000100.png,melasma
downloads/melasma/00000056.jpg,melasma
downloads/melasma/00000137.jpg,melasma
downloads/melasma/00000281.jpg,melasma
downloads/melasma/00000043.jpg,melasma
downloads/melasma/00000152.jpg,melasma
downloads/melasma/00000155.jpg,melasma
downloads/melasma/00000031.jpg,melasma
downloads/melasma/00000065.jpg,melasma
downloads/melasma/00000200.jpg,melasma
downloads/melasma/00000280.jpg,melasma
downloads/melasma/00000163.jpeg,melasma
downloads/melasma/00000286.jpg,melasma
downloads/melasma/00000151.jpg,melasma
downloads/melasma/00000007.jpg,melasma
downloads/melasma/00000235.jpg,melasma
downloads/melasma/00000115.jpg,melasma
downloads/melasma/00000041.jpg,melasma
downloads/melasma/00000213.jpg,melasma
downloads/melasma/00000289.jpg,melasma
downloads/melasma/00000073.jpg,melasma
downloads/melasma/00000271.jpg,melasma
downloads/melasma/00000256.jpg,melasma
downloads/melasma/00000247.jpg,melasma
downloads/melasma/00000083.jpg,melasma
downloads/melasma/00000124.jpg,melasma
downloads/melasma/00000025.jpg,melasma
downloads/melasma/00000203.jpg,melasma
downloads/melasma/00000109.png,melasma
downloads/melasma/00000276.jpg,melasma
downloads/melasma/00000249.jpg,melasma
downloads/melasma/00000108.jpg,melasma
downloads/melasma/00000112.jpg,melasma
downloads/melasma/00000020.jpg,melasma
downloads/melasma/00000142.jpg,melasma
downloads/melasma/00000177.jpg,melasma
downloads/melasma/00000257.jpg,melasma
downloads/melasma/00000227.jpg,melasma
downloads/melasma/00000173.jpg,melasma
downloads/melasma/00000156.jpg,melasma
downloads/melasma/00000245.png,melasma
downloads/melasma/00000059.jpg,melasma
downloads/melasma/00000139.jpg,melasma
downloads/melasma/00000096.jpg,melasma
downloads/melasma/00000103.jpg,melasma
downloads/melasma/00000222.jpg,melasma
downloads/melasma/00000042.jpg,melasma
downloads/melasma/00000192.jpg,melasma
downloads/melasma/00000148.jpg,melasma
downloads/melasma/00000126.jpg,melasma
downloads/melasma/00000057.jpg,melasma
downloads/melasma/00000135.JPG,melasma
downloads/melasma/00000088.jpg,melasma
downloads/melasma/00000169.jpg,melasma
downloads/melasma/00000003.jpg,melasma
downloads/melasma/00000157.jpg,melasma
downloads/melasma/00000172.JPG,melasma
downloads/melasma/00000238.jpg,melasma
downloads/melasma/00000032.jpg,melasma
downloads/melasma/00000130.jpg,melasma
downloads/melasma/00000011.jpg,melasma
downloads/melasma/00000232.jpg,melasma
downloads/melasma/00000196.jpg,melasma
downloads/melasma/00000147.jpg,melasma
downloads/melasma/00000018.jpg,melasma
downloads/melasma/00000035.jpg,melasma
downloads/melasma/00000161.jpg,melasma
downloads/melasma/00000119.jpg,melasma
downloads/melasma/00000009.jpg,melasma
downloads/melasma/00000198.jpg,melasma
downloads/melasma/00000143.jpg,melasma
downloads/melasma/00000191.jpg,melasma
downloads/melasma/00000175.png,melasma
downloads/melasma/00000101.jpg,melasma
downloads/melasma/00000279.jpg,melasma
downloads/melasma/00000097.jpg,melasma
downloads/melasma/00000179.jpg,melasma
downloads/melasma/00000121.jpg,melasma
downloads/melasma/00000159.jpg,melasma
downloads/melasma/00000251.jpg,melasma
downloads/melasma/00000216.jpg,melasma
downloads/melasma/00000129.jpg,melasma
downloads/melasma/00000033.jpg,melasma
downloads/melasma/00000224.jpg,melasma
downloads/melasma/00000080.jpg,melasma
downloads/melasma/00000237.jpg,melasma
downloads/melasma/00000132.jpg,melasma
downloads/melasma/00000052.jpg,melasma
downloads/melasma/00000046.jpg,melasma
downloads/melasma/00000207.jpg,melasma
downloads/melasma/00000114.jpg,melasma
downloads/melasma/00000079.jpg,melasma
downloads/melasma/00000204.jpg,melasma
downloads/melasma/00000262.jpg,melasma
downloads/melasma/00000093.jpg,melasma
downloads/melasma/00000267.jpg,melasma
downloads/melasma/00000107.png,melasma
downloads/melasma/00000082.jpg,melasma
downloads/melasma/00000160.jpg,melasma
downloads/melasma/00000252.jpg,melasma
downloads/melasma/00000190.jpg,melasma
downloads/melasma/00000022.jpg,melasma
downloads/melasma/00000092.jpg,melasma
downloads/melasma/00000077.jpg,melasma
downloads/melasma/00000028.jpg,melasma
downloads/melasma/00000078.jpg,melasma
downloads/melasma/00000208.jpg,melasma
downloads/melasma/00000182.jpg,melasma
downloads/melasma/00000144.jpg,melasma
downloads/melasma/00000086.jpg,melasma
downloads/melasma/00000045.jpg,melasma
downloads/melasma/00000263.jpg,melasma
downloads/melasma/00000290.jpg,melasma
downloads/melasma/00000104.jpg,melasma
downloads/melasma/00000236.jpg,melasma
downloads/melasma/00000106.gif,melasma
downloads/melasma/00000102.jpg,melasma
downloads/melasma/00000084.jpg,melasma
downloads/melasma/00000194.png,melasma
downloads/melasma/00000183.jpg,melasma
downloads/melasma/00000039.jpg,melasma
downloads/melasma/00000016.jpeg,melasma
downloads/melasma/00000133.jpg,melasma
downloads/melasma/00000288.jpg,melasma
downloads/melasma/00000075.jpg,melasma
downloads/melasma/00000010.jpg,melasma
downloads/melasma/00000013.jpg,melasma
downloads/melasma/00000074.jpg,melasma
downloads/melasma/00000228.jpg,melasma
downloads/melasma/00000275.jpg,melasma
downloads/melasma/00000136.jpg,melasma
downloads/melasma/00000243.jpg,melasma
downloads/melasma/00000185.png,melasma
downloads/melasma/00000062.jpg,melasma
downloads/melasma/00000299.JPG,melasma
downloads/melasma/00000131.jpg,melasma
downloads/melasma/00000001.jpg,melasma
downloads/melasma/00000019.jpg,melasma
downloads/melasma/00000292.jpg,melasma
downloads/melasma/00000260.png,melasma
downloads/melasma/00000127.jpg,melasma
downloads/melasma/00000206.JPG,melasma
downloads/melasma/00000266.jpg,melasma
downloads/melasma/00000226.png,melasma
downloads/melasma/00000069.png,melasma
downloads/melasma/00000265.png,melasma
downloads/melasma/00000081.jpg,melasma
downloads/melasma/00000140.JPG,melasma
downloads/melasma/00000026.png,melasma
downloads/melasma/00000113.png,melasma
downloads/melasma/00000283.jpg,melasma
downloads/melasma/00000199.jpg,melasma
downloads/melasma/00000017.jpg,melasma
downloads/melasma/00000094.jpg,melasma
downloads/melasma/00000098.jpg,melasma
downloads/melasma/00000184.jpg,melasma
downloads/melasma/00000211.jpg,melasma
downloads/melasma/00000050.jpg,melasma
downloads/melasma/00000055.png,melasma
downloads/melasma/00000168.png,melasma
downloads/melasma/00000188.jpeg,melasma
downloads/melasma/00000298.jpg,melasma
downloads/melasma/00000023.jpg,melasma
downloads/melasma/00000054.jpg,melasma
downloads/melasma/00000034.jpg,melasma
downloads/melasma/00000285.jpg,melasma
downloads/melasma/00000012.jpg,melasma
downloads/melasma/00000223.jpg,melasma
downloads/melasma/00000287.jpeg,melasma
downloads/melasma/00000051.jpg,melasma
downloads/melasma/00000158.jpg,melasma
downloads/melasma/00000164.jpg,melasma
downloads/melasma/00000099.jpg,melasma
downloads/melasma/00000076.jpg,melasma
downloads/melasma/00000215.jpg,melasma
downloads/melasma/00000166.jpg,melasma
downloads/melasma/00000063.jpg,melasma
downloads/melasma/00000295.png,melasma
downloads/melasma/00000241.jpg,melasma
downloads/melasma/00000090.jpg,melasma
downloads/melasma/00000220.jpg,melasma
downloads/melasma/00000123.jpg,melasma
downloads/melasma/00000240.png,melasma
downloads/melasma/00000162.jpg,melasma
downloads/melasma/00000030.jpg,melasma
downloads/melasma/00000231.jpg,melasma
downloads/melasma/00000270.jpg,melasma
downloads/melasma/00000264.jpg,melasma
downloads/melasma/00000000.jpg,melasma
downloads/melasma/00000218.jpg,melasma
downloads/freckle/00000060.jpg,freckle
downloads/freckle/00000024.JPG,freckle
downloads/freckle/00000100.jpg,freckle
downloads/freckle/00000121.png,freckle
downloads/freckle/00000214.jpg,freckle
downloads/freckle/00000278.jpg,freckle
downloads/freckle/00000178.jpg,freckle
downloads/freckle/00000212.jpg,freckle
downloads/freckle/00000021.jpg,freckle
downloads/freckle/00000259.jpg,freckle
downloads/freckle/00000087.jpg,freckle
downloads/freckle/00000056.jpg,freckle
downloads/freckle/00000137.jpg,freckle
downloads/freckle/00000265.jpg,freckle
downloads/freckle/00000043.jpg,freckle
downloads/freckle/00000152.jpg,freckle
downloads/freckle/00000065.jpg,freckle
downloads/freckle/00000187.jpg,freckle
downloads/freckle/00000055.jpg,freckle
downloads/freckle/00000200.jpg,freckle
downloads/freckle/00000007.jpg,freckle
downloads/freckle/00000235.jpg,freckle
downloads/freckle/00000170.jpg,freckle
downloads/freckle/00000115.jpg,freckle
downloads/freckle/00000041.jpg,freckle
downloads/freckle/00000213.jpg,freckle
downloads/freckle/00000256.jpg,freckle
downloads/freckle/00000247.jpg,freckle
downloads/freckle/00000083.jpg,freckle
downloads/freckle/00000289.png,freckle
downloads/freckle/00000071.jpg,freckle
downloads/freckle/00000072.jpg,freckle
downloads/freckle/00000203.jpg,freckle
downloads/freckle/00000276.jpg,freckle
downloads/freckle/00000249.jpg,freckle
downloads/freckle/00000229.png,freckle
downloads/freckle/00000298.jpeg,freckle
downloads/freckle/00000177.jpg,freckle
downloads/freckle/00000109.jpg,freckle
downloads/freckle/00000227.jpg,freckle
downloads/freckle/00000197.jpg,freckle
downloads/freckle/00000242.jpg,freckle
downloads/freckle/00000156.jpg,freckle
downloads/freckle/00000155.png,freckle
downloads/freckle/00000059.jpg,freckle
downloads/freckle/00000254.jpg,freckle
downloads/freckle/00000139.jpg,freckle
downloads/freckle/00000068.jpg,freckle
downloads/freckle/00000096.jpg,freckle
downloads/freckle/00000117.jpg,freckle
downloads/freckle/00000124.png,freckle
downloads/freckle/00000222.jpg,freckle
downloads/freckle/00000294.jpg,freckle
downloads/freckle/00000192.jpg,freckle
downloads/freckle/00000126.jpg,freckle
downloads/freckle/00000122.jpg,freckle
downloads/freckle/00000057.jpg,freckle
downloads/freckle/00000169.jpg,freckle
downloads/freckle/00000206.jpg,freckle
downloads/freckle/00000003.jpg,freckle
downloads/freckle/00000268.jpg,freckle
downloads/freckle/00000157.jpg,freckle
downloads/freckle/00000176.jpg,freckle
downloads/freckle/00000005.jpg,freckle
downloads/freckle/00000029.jpg,freckle
downloads/freckle/00000253.jpg,freckle
downloads/freckle/00000287.jpg,freckle
downloads/freckle/00000070.jpg,freckle
downloads/freckle/00000196.jpeg,freckle
downloads/freckle/00000032.jpg,freckle
downloads/freckle/00000273.jpg,freckle
downloads/freckle/00000201.jpg,freckle
downloads/freckle/00000175.jpg,freckle
downloads/freckle/00000106.jpg,freckle
downloads/freckle/00000044.jpg,freckle
downloads/freckle/00000293.jpg,freckle
downloads/freckle/00000130.jpg,freckle
downloads/freckle/00000067.jpg,freckle
downloads/freckle/00000134.JPG,freckle
downloads/freckle/00000161.jpg,freckle
downloads/freckle/00000009.jpg,freckle
downloads/freckle/00000198.jpg,freckle
downloads/freckle/00000143.jpg,freckle
downloads/freckle/00000101.jpg,freckle
downloads/freckle/00000140.jpg,freckle
downloads/freckle/00000279.jpg,freckle
downloads/freckle/00000219.JPG,freckle
downloads/freckle/00000159.jpg,freckle
downloads/freckle/00000107.jpg,freckle
downloads/freckle/00000205.jpg,freckle
downloads/freckle/00000129.jpg,freckle
downloads/freckle/00000033.jpg,freckle
downloads/freckle/00000128.jpg,freckle
downloads/freckle/00000280.jpeg,freckle
downloads/freckle/00000080.jpg,freckle
downloads/freckle/00000237.jpg,freckle
downloads/freckle/00000132.jpg,freckle
downloads/freckle/00000016.jpg,freckle
downloads/freckle/00000046.jpg,freckle
downloads/freckle/00000207.jpg,freckle
downloads/freckle/00000257.png,freckle
downloads/freckle/00000042.png,freckle
downloads/freckle/00000258.jpg,freckle
downloads/freckle/00000114.jpg,freckle
downloads/freckle/00000079.jpg,freckle
downloads/freckle/00000141.jpg,freckle
downloads/freckle/00000204.jpg,freckle
downloads/freckle/00000113.jpg,freckle
downloads/freckle/00000194.JPG,freckle
downloads/freckle/00000221.jpg,freckle
downloads/freckle/00000093.jpg,freckle
downloads/freckle/00000125.jpg,freckle
downloads/freckle/00000160.jpg,freckle
downloads/freckle/00000252.jpg,freckle
downloads/freckle/00000089.jpg,freckle
downloads/freckle/00000190.jpg,freckle
downloads/freckle/00000295.jpg,freckle
downloads/freckle/00000167.jpg,freckle
downloads/freckle/00000092.jpg,freckle
downloads/freckle/00000077.jpg,freckle
downloads/freckle/00000078.jpg,freckle
downloads/freckle/00000091.jpg,freckle
downloads/freckle/00000208.jpg,freckle
downloads/freckle/00000123.png,freckle
downloads/freckle/00000282.jpg,freckle
downloads/freckle/00000086.jpg,freckle
downloads/freckle/00000045.jpg,freckle
downloads/freckle/00000263.jpg,freckle
downloads/freckle/00000011.png,freckle
downloads/freckle/00000290.jpg,freckle
downloads/freckle/00000297.jpg,freckle
downloads/freckle/00000236.jpg,freckle
downloads/freckle/00000154.jpg,freckle
downloads/freckle/00000172.jpg,freckle
downloads/freckle/00000102.jpg,freckle
downloads/freckle/00000084.jpg,freckle
downloads/freckle/00000036.jpg,freckle
downloads/freckle/00000183.jpg,freckle
downloads/freckle/00000038.jpg,freckle
downloads/freckle/00000039.jpg,freckle
downloads/freckle/00000248.jpg,freckle
downloads/freckle/00000288.jpg,freckle
downloads/freckle/00000186.jpg,freckle
downloads/freckle/00000075.jpg,freckle
downloads/freckle/00000013.jpg,freckle
downloads/freckle/00000014.jpg,freckle
downloads/freckle/00000272.jpg,freckle
downloads/freckle/00000261.jpg,freckle
downloads/freckle/00000226.jpg,freckle
downloads/freckle/00000180.jpg,freckle
downloads/freckle/00000299.jpg,freckle
downloads/freckle/00000153.jpg,freckle
downloads/freckle/00000275.jpg,freckle
downloads/freckle/00000136.jpg,freckle
downloads/freckle/00000066.jpg,freckle
downloads/freckle/00000243.jpg,freckle
downloads/freckle/00000062.jpg,freckle
downloads/freckle/00000001.jpg,freckle
downloads/freckle/00000019.jpg,freckle
downloads/freckle/00000095.jpg,freckle
downloads/freckle/00000292.jpg,freckle
downloads/freckle/00000027.jpg,freckle
downloads/freckle/00000266.jpg,freckle
downloads/freckle/00000081.jpg,freckle
downloads/freckle/00000053.jpg,freckle
downloads/freckle/00000002.jpg,freckle
downloads/freckle/00000283.jpg,freckle
downloads/freckle/00000094.jpg,freckle
downloads/freckle/00000037.jpg,freckle
downloads/freckle/00000146.jpg,freckle
downloads/freckle/00000250.jpg,freckle
downloads/freckle/00000098.jpg,freckle
downloads/freckle/00000202.jpg,freckle
downloads/freckle/00000211.jpg,freckle
downloads/freckle/00000050.jpg,freckle
downloads/freckle/00000195.jpeg,freckle
downloads/freckle/00000168.png,freckle
downloads/freckle/00000023.jpg,freckle
downloads/freckle/00000018.jpeg,freckle
downloads/freckle/00000049.jpg,freckle
downloads/freckle/00000004.jpg,freckle
downloads/freckle/00000034.jpg,freckle
downloads/freckle/00000111.jpg,freckle
downloads/freckle/00000285.jpg,freckle
downloads/freckle/00000012.jpg,freckle
downloads/freckle/00000223.jpg,freckle
downloads/freckle/00000063.jpeg,freckle
downloads/freckle/00000048.jpg,freckle
downloads/freckle/00000051.jpg,freckle
downloads/freckle/00000158.jpg,freckle
downloads/freckle/00000164.jpg,freckle
downloads/freckle/00000099.jpg,freckle
downloads/freckle/00000165.jpg,freckle
downloads/freckle/00000076.jpg,freckle
downloads/freckle/00000215.jpg,freckle
downloads/freckle/00000166.jpg,freckle
downloads/freckle/00000138.jpg,freckle
downloads/freckle/00000188.png,freckle
downloads/freckle/00000006.jpg,freckle
downloads/freckle/00000277.jpg,freckle
downloads/freckle/00000260.jpg,freckle
downloads/freckle/00000241.jpg,freckle
downloads/freckle/00000245.jpg,freckle
downloads/freckle/00000090.jpg,freckle
downloads/freckle/00000220.jpg,freckle
downloads/freckle/00000118.jpg,freckle
downloads/freckle/00000162.jpg,freckle
downloads/freckle/00000058.jpg,freckle
downloads/freckle/00000233.jpg,freckle
downloads/freckle/00000270.jpg,freckle
downloads/freckle/00000264.jpg,freckle
downloads/freckle/00000000.jpg,freckle
downloads/freckle/00000218.jpg,freckle
downloads/acne/00000015.jpg,acne
downloads/acne/00000044.png,acne
downloads/acne/00000217.jpg,acne
downloads/acne/00000214.jpg,acne
downloads/acne/00000209.jpg,acne
downloads/acne/00000278.jpg,acne
downloads/acne/00000219.jpg,acne
downloads/acne/00000178.jpg,acne
downloads/acne/00000296.jpg,acne
downloads/acne/00000212.jpg,acne
downloads/acne/00000246.jpg,acne
downloads/acne/00000105.jpg,acne
downloads/acne/00000021.jpg,acne
downloads/acne/00000259.jpg,acne
downloads/acne/00000040.jpg,acne
downloads/acne/00000244.jpg,acne
downloads/acne/00000120.jpg,acne
downloads/acne/00000185.jpg,acne
downloads/acne/00000087.jpg,acne
downloads/acne/00000230.jpg,acne
downloads/acne/00000140.png,acne
downloads/acne/00000100.png,acne
downloads/acne/00000281.jpg,acne
downloads/acne/00000265.jpg,acne
downloads/acne/00000043.jpg,acne
downloads/acne/00000152.jpg,acne
downloads/acne/00000194.jpg,acne
downloads/acne/00000155.jpg,acne
downloads/acne/00000053.jpeg,acne
downloads/acne/00000031.jpg,acne
downloads/acne/00000187.jpg,acne
downloads/acne/00000147.png,acne
downloads/acne/00000260.jpeg,acne
downloads/acne/00000200.jpg,acne
downloads/acne/00000286.jpg,acne
downloads/acne/00000151.jpg,acne
downloads/acne/00000007.jpg,acne
downloads/acne/00000235.jpg,acne
downloads/acne/00000170.jpg,acne
downloads/acne/00000041.jpg,acne
downloads/acne/00000289.jpg,acne
downloads/acne/00000073.jpg,acne
downloads/acne/00000029.png,acne
downloads/acne/00000256.jpg,acne
downloads/acne/00000247.jpg,acne
downloads/acne/00000083.jpg,acne
downloads/acne/00000124.jpg,acne
downloads/acne/00000071.jpg,acne
downloads/acne/00000025.jpg,acne
downloads/acne/00000072.jpg,acne
downloads/acne/00000223.JPG,acne
downloads/acne/00000249.jpg,acne
downloads/acne/00000188.jpg,acne
downloads/acne/00000112.jpg,acne
downloads/acne/00000020.jpg,acne
downloads/acne/00000142.jpg,acne
downloads/acne/00000177.jpg,acne
downloads/acne/00000257.jpg,acne
downloads/acne/00000109.jpg,acne
downloads/acne/00000227.jpg,acne
downloads/acne/00000197.jpg,acne
downloads/acne/00000173.jpg,acne
downloads/acne/00000242.jpg,acne
downloads/acne/00000156.jpg,acne
downloads/acne/00000254.jpg,acne
downloads/acne/00000139.jpg,acne
downloads/acne/00000068.jpg,acne
downloads/acne/00000061.jpg,acne
downloads/acne/00000110.png,acne
downloads/acne/00000117.jpg,acne
downloads/acne/00000103.jpg,acne
downloads/acne/00000222.jpg,acne
downloads/acne/00000042.jpg,acne
downloads/acne/00000294.jpg,acne
downloads/acne/00000213.png,acne
downloads/acne/00000126.jpg,acne
downloads/acne/00000057.jpg,acne
downloads/acne/00000274.jpg,acne
downloads/acne/00000088.jpg,acne
downloads/acne/00000076.jpeg,acne
downloads/acne/00000206.jpg,acne
downloads/acne/00000268.jpg,acne
downloads/acne/00000148.jpeg,acne
downloads/acne/00000157.jpg,acne
downloads/acne/00000176.jpg,acne
downloads/acne/00000065.JPG,acne
downloads/acne/00000005.jpg,acne
downloads/acne/00000253.jpg,acne
downloads/acne/00000181.jpg,acne
downloads/acne/00000137.png,acne
downloads/acne/00000070.jpg,acne
downloads/acne/00000201.jpg,acne
downloads/acne/00000175.jpg,acne
downloads/acne/00000106.jpg,acne
downloads/acne/00000293.jpg,acne
downloads/acne/00000239.jpg,acne
downloads/acne/00000130.jpg,acne
downloads/acne/00000011.jpg,acne
downloads/acne/00000168.jpg,acne
downloads/acne/00000067.jpg,acne
downloads/acne/00000196.jpg,acne
downloads/acne/00000018.jpg,acne
downloads/acne/00000035.jpg,acne
downloads/acne/00000161.jpg,acne
downloads/acne/00000284.jpg,acne
downloads/acne/00000119.jpg,acne
downloads/acne/00000009.jpg,acne
downloads/acne/00000143.jpg,acne
downloads/acne/00000250.jpeg,acne
downloads/acne/00000101.jpg,acne
downloads/acne/00000183.png,acne
downloads/acne/00000279.jpg,acne
downloads/acne/00000097.jpg,acne
downloads/acne/00000179.jpg,acne
downloads/acne/00000121.jpg,acne
downloads/acne/00000159.jpg,acne
downloads/acne/00000132.png,acne
downloads/acne/00000251.jpg,acne
downloads/acne/00000107.jpg,acne
downloads/acne/00000205.jpg,acne
downloads/acne/00000129.jpg,acne
downloads/acne/00000224.jpg,acne
downloads/acne/00000128.jpg,acne
downloads/acne/00000080.jpg,acne
downloads/acne/00000229.jpg,acne
downloads/acne/00000240.jpg,acne
downloads/acne/00000016.jpg,acne
downloads/acne/00000145.jpg,acne
downloads/acne/00000207.jpg,acne
downloads/acne/00000114.jpg,acne
downloads/acne/00000079.jpg,acne
downloads/acne/00000141.jpg,acne
downloads/acne/00000204.jpg,acne
downloads/acne/00000113.jpg,acne
downloads/acne/00000221.jpg,acne
downloads/acne/00000046.png,acne
downloads/acne/00000262.jpg,acne
downloads/acne/00000198.jpeg,acne
downloads/acne/00000125.jpg,acne
downloads/acne/00000082.jpg,acne
downloads/acne/00000160.jpg,acne
downloads/acne/00000252.jpg,acne
downloads/acne/00000190.jpg,acne
downloads/acne/00000295.jpg,acne
downloads/acne/00000028.jpg,acne
downloads/acne/00000225.jpg,acne
downloads/acne/00000078.jpg,acne
downloads/acne/00000091.jpg,acne
downloads/acne/00000069.jpg,acne
downloads/acne/00000182.jpg,acne
downloads/acne/00000086.jpg,acne
downloads/acne/00000189.jpg,acne
downloads/acne/00000263.jpg,acne
downloads/acne/00000104.jpg,acne
downloads/acne/00000297.jpg,acne
downloads/acne/00000047.jpg,acne
downloads/acne/00000164.png,acne
downloads/acne/00000236.jpg,acne
downloads/acne/00000154.jpg,acne
downloads/acne/00000102.jpg,acne
downloads/acne/00000084.jpg,acne
downloads/acne/00000038.jpg,acne
downloads/acne/00000039.jpg,acne
downloads/acne/00000248.jpg,acne
downloads/acne/00000288.jpg,acne
downloads/acne/00000186.jpg,acne
downloads/acne/00000075.jpg,acne
downloads/acne/00000013.jpg,acne
downloads/acne/00000074.jpg,acne
downloads/acne/00000014.jpg,acne
downloads/acne/00000272.jpg,acne
downloads/acne/00000261.jpg,acne
downloads/acne/00000180.jpg,acne
downloads/acne/00000228.jpg,acne
downloads/acne/00000299.jpg,acne
downloads/acne/00000275.jpg,acne
downloads/acne/00000066.jpg,acne
downloads/acne/00000243.jpg,acne
downloads/acne/00000062.jpg,acne
downloads/acne/00000138.png,acne
downloads/acne/00000131.jpg,acne
downloads/acne/00000001.jpg,acne
downloads/acne/00000019.jpg,acne
downloads/acne/00000095.jpg,acne
downloads/acne/00000292.jpg,acne
downloads/acne/00000085.jpg,acne
downloads/acne/00000058.png,acne
downloads/acne/00000269.jpg,acne
downloads/acne/00000127.jpg,acne
downloads/acne/00000290.jpeg,acne
downloads/acne/00000027.jpg,acne
downloads/acne/00000266.jpg,acne
downloads/acne/00000081.jpg,acne
downloads/acne/00000002.jpg,acne
downloads/acne/00000283.jpg,acne
downloads/acne/00000199.jpg,acne
downloads/acne/00000094.jpg,acne
downloads/acne/00000146.jpg,acne
downloads/acne/00000050.jpg,acne
downloads/acne/00000064.jpg,acne
downloads/acne/00000135.jpg,acne
downloads/acne/00000023.jpg,acne
downloads/acne/00000193.jpg,acne
downloads/acne/00000049.jpg,acne
downloads/acne/00000255.jpg,acne
downloads/acne/00000004.jpg,acne
downloads/acne/00000203.png,acne
downloads/acne/00000012.jpg,acne
downloads/acne/00000210.jpg,acne
downloads/acne/00000051.jpg,acne
downloads/acne/00000099.jpg,acne
downloads/acne/00000008.png,acne
downloads/acne/00000059.png,acne
downloads/acne/00000006.jpg,acne
downloads/acne/00000277.jpg,acne
downloads/acne/00000024.jpg,acne
downloads/acne/00000241.jpg,acne
downloads/acne/00000220.jpg,acne
downloads/acne/00000122.png,acne
downloads/acne/00000123.jpg,acne
downloads/acne/00000118.jpg,acne
downloads/acne/00000162.jpg,acne
downloads/acne/00000010.png,acne
downloads/acne/00000030.jpg,acne
downloads/acne/00000233.jpg,acne
downloads/acne/00000231.jpg,acne
downloads/acne/00000270.jpg,acne
downloads/acne/00000000.jpg,acne
downloads/acne/00000218.jpg,acne
downloads/acne/00000033.png,acne
